[{
		"tweet": "Nothing nicer than someone that takes pride in how they make a living.  Damn fine looking rig there buddy! \ud83d\udcaa \ud83c\udfc6 https:\/\/t.co\/cV8fpSgA6I",
		"name": "Clint Bowyer",
		"location": "",
		"followers_count": 747580,
		"date": "2020/08/01",
		"source": "Twitter for iPhone",
		"likes": 958,
		"retweets": 21
	},
	{
		"tweet": "From restaurants to retailers, fitness trainers to farmers, small businesses have implemented new tools to help them navigate the pandemic. Here are seven ways technology has become a lifeline for entrepreneurs. https://bit.ly/2Oin9AG",
		"name": "PayPal For Business",
		"location": "",
		"followers_count": 22900,
		"date": "2021/02/08",
		"source": "Khoros Publishing App",
		"likes": 219,
		"retweets": 30
	},
	{
		"tweet": "Buddy Reed with the robbery!",
		"name": "Baseball Bros",
		"location": "",
		"followers_count": 122200,
		"date": "2021/03/14",
		"source": "Twitter for iPhone",
		"likes": 159,
		"retweets": 17
	}]